AnimalID,PreMean,BlockMean
BLA15,79.1666666666667,50
BLA16,73.109243697479,50
BLA17,90.8333333333333,50
vHPC07,94.1176470588235,51.2605042016807
vHPC08,87.5,52.5
